{"neutron_life": 2.698e-05, "name": "reac", "reactivity": 0, "double_time": 9999, "beta": [[0.000217, 0.0125], [0.00147, 0.0308], [0.001359, 0.1147], [0.002835, 0.3102], [0.000965, 1.2305], [0.000326, 3.2824]]}