{"reactivity": 0, "reactivity_accuracy": 0.5, "beta": [[0.000217, 0.0125], [0.00147, 0.0308], [0.001359, 0.1147], [0.002835, 0.3102], [0.000965, 1.2305], [0.000326, 3.2824]], "name": "reac", "double_time": 9999, "neutron_life": 2.698e-05}